mutation_id	ref_counts	var_counts	normal_cn	minor_cn	major_cn	variant_case	variant_freq	genotype
NA185152:AB:chr20:185154	104	84	2	1	1	NA	0.446808510638298	AB
NA652114:AB:chr19:652116	112	87	2	1	1	NA	0.437185929648241	AB
NA268266:AB:chr5:268268	109	81	2	1	1	NA	0.426315789473684	AB
NA260185:AB:chr4:260187	102	97	2	1	1	NA	0.487437185929648	AB
NA328490:AB:chr21:328492	131	72	2	1	1	NA	0.354679802955665	AB
NA359025:AB:chr7:359027	123	80	2	1	1	NA	0.394088669950739	AB
NA138977:AB:chr13:138979	106	89	2	1	1	NA	0.456410256410256	AB
NA271285:AB:chr22:271287	121	85	2	1	1	NA	0.412621359223301	AB
NA30849:AB:chr14:30851	108	77	2	1	1	NA	0.416216216216216	AB
NA516176:AB:chr15:516178	114	105	2	1	1	NA	0.479452054794521	AB
NA787026:AB:chr18:787028	123	68	2	1	1	NA	0.356020942408377	AB
NA517641:AB:chr17:517643	100	90	2	1	1	NA	0.473684210526316	AB
NA963062:AB:chr10:963064	145	55	2	1	1	NA	0.275	AB
NA150761:AB:chr9:150763	120	77	2	1	1	NA	0.390862944162437	AB
NA495875:AB:chr3:495877	128	48	2	1	1	NA	0.272727272727273	AB
NA791444:AB:chr16:791446	132	53	2	1	1	NA	0.286486486486487	AB
NA580846:AB:chr6:580848	119	84	2	1	1	NA	0.413793103448276	AB
NA510253:AB:chr1:510255	109	81	2	1	1	NA	0.426315789473684	AB
NA985760:AB:chr2:985762	128	67	2	1	1	NA	0.343589743589744	AB
NA690223:AB:chr8:690225	149	64	2	1	1	NA	0.300469483568075	AB
NA564818:AB:chr11:564820	116	84	2	1	1	NA	0.42	AB
NA154607:AB:chr12:154609	119	79	2	1	1	NA	0.398989898989899	AB
NA382998:AB:chr20:383000	123	67	2	1	1	NA	0.352631578947368	AB
NA258165:AB:chr19:258167	113	88	2	1	1	NA	0.437810945273632	AB
NA740958:AB:chr5:740960	103	91	2	1	1	NA	0.469072164948454	AB
NA794676:AB:chr4:794678	119	89	2	1	1	NA	0.427884615384615	AB
NA123851:AB:chr21:123853	137	64	2	1	1	NA	0.318407960199005	AB
NA734636:AB:chr7:734638	125	67	2	1	1	NA	0.348958333333333	AB
NA852452:AB:chr13:852454	118	91	2	1	1	NA	0.435406698564593	AB
NA188068:AB:chr22:188070	135	57	2	1	1	NA	0.296875	AB
NA989735:AB:chr14:989737	122	72	2	1	1	NA	0.371134020618557	AB
NA40631:AB:chr15:40633	121	88	2	1	1	NA	0.421052631578947	AB
NA316101:AB:chr18:316103	119	88	2	1	1	NA	0.42512077294686	AB
NA306924:AB:chr17:306926	124	79	2	1	1	NA	0.389162561576355	AB
NA245680:AB:chr10:245682	112	79	2	1	1	NA	0.413612565445026	AB
NA875157:AB:chr9:875159	115	99	2	1	1	NA	0.462616822429907	AB
NA469171:AB:chr3:469173	140	65	2	1	1	NA	0.317073170731707	AB
NA458214:AB:chr16:458216	126	81	2	1	1	NA	0.391304347826087	AB
NA825024:AB:chr6:825026	127	68	2	1	1	NA	0.348717948717949	AB
NA105698:AB:chr1:105700	147	61	2	1	1	NA	0.293269230769231	AB
NA208775:AB:chr2:208777	156	46	2	1	1	NA	0.227722772277228	AB
NA147669:AB:chr8:147671	123	85	2	1	1	NA	0.408653846153846	AB
NA848735:AB:chr11:848737	92	71	2	1	1	NA	0.43558282208589	AB
NA962744:AB:chr12:962746	103	89	2	1	1	NA	0.463541666666667	AB
NA2671:AB:chr20:2673	108	87	2	1	1	NA	0.446153846153846	AB
NA717993:AB:chr19:717995	125	76	2	1	1	NA	0.378109452736318	AB
NA819918:AB:chr5:819920	99	83	2	1	1	NA	0.456043956043956	AB
NA242024:AB:chr4:242026	157	55	2	1	1	NA	0.259433962264151	AB
NA811946:AB:chr21:811948	131	59	2	1	1	NA	0.310526315789474	AB
NA748756:AB:chr7:748758	118	63	2	1	1	NA	0.348066298342541	AB
NA610160:AB:chr13:610162	124	72	2	1	1	NA	0.36734693877551	AB
NA892977:AB:chr22:892979	120	97	2	1	1	NA	0.447004608294931	AB
NA425667:AB:chr14:425669	107	83	2	1	1	NA	0.436842105263158	AB
NA736435:AB:chr15:736437	91	92	2	1	1	NA	0.502732240437158	AB
NA365915:AB:chr18:365917	129	85	2	1	1	NA	0.397196261682243	AB
NA752167:AB:chr17:752169	125	83	2	1	1	NA	0.399038461538462	AB
NA247439:AB:chr10:247441	135	51	2	1	1	NA	0.274193548387097	AB
NA806395:AB:chr9:806397	121	69	2	1	1	NA	0.363157894736842	AB
NA114136:AB:chr3:114138	127	70	2	1	1	NA	0.355329949238579	AB
NA31263:AB:chr16:31265	129	66	2	1	1	NA	0.338461538461538	AB
NA90903:AB:chr6:90905	148	63	2	1	1	NA	0.298578199052133	AB
NA775867:AB:chr1:775869	140	79	2	1	1	NA	0.360730593607306	AB
NA675133:AB:chr2:675135	97	86	2	1	1	NA	0.469945355191257	AB
NA634660:AB:chr8:634662	114	91	2	1	1	NA	0.44390243902439	AB
NA703020:AB:chr11:703022	126	55	2	1	1	NA	0.303867403314917	AB
NA797645:AB:chr12:797647	132	59	2	1	1	NA	0.308900523560209	AB
NA474299:AB:chr20:474301	148	45	2	1	1	NA	0.233160621761658	AB
NA443940:AB:chr19:443942	123	57	2	1	1	NA	0.316666666666667	AB
NA741417:AB:chr5:741419	109	71	2	1	1	NA	0.394444444444444	AB
NA32449:AB:chr4:32451	140	73	2	1	1	NA	0.342723004694836	AB
NA381717:AB:chr21:381719	114	82	2	1	1	NA	0.418367346938776	AB
NA777627:AB:chr7:777629	154	64	2	1	1	NA	0.293577981651376	AB
NA38646:AB:chr13:38648	122	74	2	1	1	NA	0.377551020408163	AB
NA274858:AB:chr22:274860	106	76	2	1	1	NA	0.417582417582418	AB
NA341697:AB:chr14:341699	115	105	2	1	1	NA	0.477272727272727	AB
NA462788:AB:chr15:462790	105	91	2	1	1	NA	0.464285714285714	AB
NA658057:AB:chr18:658059	102	79	2	1	1	NA	0.43646408839779	AB
NA292907:AB:chr17:292909	131	73	2	1	1	NA	0.357843137254902	AB
NA440410:AB:chr10:440412	115	84	2	1	1	NA	0.422110552763819	AB
NA644794:AB:chr9:644796	134	60	2	1	1	NA	0.309278350515464	AB
NA750000:AB:chr3:750002	122	88	2	1	1	NA	0.419047619047619	AB
NA71422:AB:chr16:71424	110	71	2	1	1	NA	0.392265193370166	AB
NA191684:AB:chr6:191686	143	46	2	1	1	NA	0.243386243386243	AB
NA470921:AB:chr1:470923	127	82	2	1	1	NA	0.392344497607655	AB
NA387469:AB:chr2:387471	148	61	2	1	1	NA	0.291866028708134	AB
NA719653:AB:chr8:719655	103	76	2	1	1	NA	0.424581005586592	AB
NA313648:AB:chr11:313650	140	83	2	1	1	NA	0.37219730941704	AB
NA764624:AB:chr12:764626	127	64	2	1	1	NA	0.335078534031414	AB
NA375280:AB:chr20:375282	105	75	2	1	1	NA	0.416666666666667	AB
NA653699:AB:chr19:653701	101	80	2	1	1	NA	0.441988950276243	AB
NA614250:AB:chr5:614252	107	58	2	1	1	NA	0.351515151515152	AB
NA544215:AB:chr4:544217	110	81	2	1	1	NA	0.424083769633508	AB
NA659059:AB:chr21:659061	192	11	2	1	1	NA	0.0541871921182266	AB
NA919007:AB:chr7:919009	121	81	2	1	1	NA	0.400990099009901	AB
NA285799:AB:chr13:285801	131	72	2	1	1	NA	0.354679802955665	AB
NA745189:AB:chr22:745191	138	83	2	1	1	NA	0.375565610859729	AB
NA744061:AB:chr14:744063	90	96	2	1	1	NA	0.516129032258065	AB
NA493228:AB:chr15:493230	118	94	2	1	1	NA	0.443396226415094	AB
NA997570:AB:chr18:997572	130	81	2	1	1	NA	0.383886255924171	AB
NA498330:AB:chr17:498332	117	69	2	1	1	NA	0.370967741935484	AB
NA510699:AB:chr10:510701	133	69	2	1	1	NA	0.341584158415842	AB
NA854962:AB:chr9:854964	209	7	2	1	1	NA	0.0324074074074074	AB
NA360939:AB:chr3:360941	182	7	2	1	1	NA	0.037037037037037	AB
NA993715:AB:chr16:993717	187	4	2	1	1	NA	0.0209424083769634	AB
NA963797:AB:chr6:963799	131	71	2	1	1	NA	0.351485148514851	AB
NA925402:AB:chr1:925404	105	90	2	1	1	NA	0.461538461538462	AB
NA194147:AB:chr2:194149	188	9	2	1	1	NA	0.0456852791878173	AB
NA968920:AB:chr8:968922	119	80	2	1	1	NA	0.402010050251256	AB
NA233720:AB:chr11:233722	113	87	2	1	1	NA	0.435	AB
NA170016:AB:chr12:170018	218	4	2	1	1	NA	0.018018018018018	AB
NA749968:AB:chr20:749970	121	76	2	1	1	NA	0.385786802030457	AB
NA450615:AB:chr19:450617	122	68	2	1	1	NA	0.357894736842105	AB
NA584393:AB:chr5:584395	154	33	2	1	1	NA	0.176470588235294	AB
NA977692:AB:chr4:977694	112	103	2	1	1	NA	0.47906976744186	AB
NA166612:AB:chr21:166614	154	29	2	1	1	NA	0.158469945355191	AB
NA72216:AB:chr7:72218	101	89	2	1	1	NA	0.468421052631579	AB
NA806215:AB:chr13:806217	118	86	2	1	1	NA	0.42156862745098	AB
NA790256:AB:chr22:790258	146	36	2	1	1	NA	0.197802197802198	AB
NA256015:AB:chr14:256017	175	44	2	1	1	NA	0.200913242009132	AB
NA767663:AB:chr15:767665	125	71	2	1	1	NA	0.362244897959184	AB
NA9830:AB:chr18:9832	109	92	2	1	1	NA	0.45771144278607	AB
NA725595:AB:chr17:725597	118	82	2	1	1	NA	0.41	AB
NA352479:AB:chr10:352481	171	41	2	1	1	NA	0.193396226415094	AB
NA39126:AB:chr9:39128	107	74	2	1	1	NA	0.408839779005525	AB
NA110591:AB:chr3:110593	100	86	2	1	1	NA	0.462365591397849	AB
NA687378:AB:chr16:687380	144	41	2	1	1	NA	0.221621621621622	AB
NA235272:AB:chr6:235274	150	33	2	1	1	NA	0.180327868852459	AB
NA191680:AB:chr1:191682	178	34	2	1	1	NA	0.160377358490566	AB
NA802295:AB:chr2:802297	117	81	2	1	1	NA	0.409090909090909	AB
NA385233:AB:chr8:385235	116	78	2	1	1	NA	0.402061855670103	AB
NA301138:AB:chr11:301140	115	88	2	1	1	NA	0.433497536945813	AB
NA621780:AB:chr12:621782	182	43	2	1	1	NA	0.191111111111111	AB
NA940643:AB:chr20:940645	109	78	2	1	1	NA	0.417112299465241	AB
NA412936:AB:chr19:412938	112	84	2	1	1	NA	0.428571428571429	AB
NA268014:AB:chr5:268016	137	79	2	1	1	NA	0.365740740740741	AB
NA982527:AB:chr4:982529	118	88	2	1	1	NA	0.427184466019417	AB
NA476639:AB:chr21:476641	114	74	2	1	1	NA	0.393617021276596	AB
NA958270:AB:chr7:958272	123	84	2	1	1	NA	0.405797101449275	AB
NA804132:AB:chr13:804134	129	96	2	1	1	NA	0.426666666666667	AB
NA926380:AB:chr22:926382	110	82	2	1	1	NA	0.427083333333333	AB
NA685034:AB:chr14:685036	146	74	2	1	1	NA	0.336363636363636	AB
NA327023:AB:chr15:327025	173	25	2	1	1	NA	0.126262626262626	AB
NA266363:AB:chr18:266365	166	37	2	1	1	NA	0.182266009852217	AB
NA66463:AB:chr17:66465	126	87	2	1	1	NA	0.408450704225352	AB
NA78247:AB:chr10:78249	159	36	2	1	1	NA	0.184615384615385	AB
NA576726:AB:chr9:576728	188	35	2	1	1	NA	0.15695067264574	AB
NA956886:AB:chr3:956888	114	83	2	1	1	NA	0.421319796954315	AB
NA865167:AB:chr16:865169	124	69	2	1	1	NA	0.357512953367876	AB
NA792576:AB:chr6:792578	126	85	2	1	1	NA	0.402843601895735	AB
NA532015:AB:chr1:532017	167	30	2	1	1	NA	0.152284263959391	AB
NA56663:AB:chr2:56665	103	88	2	1	1	NA	0.460732984293194	AB
NA689739:AB:chr8:689741	104	74	2	1	1	NA	0.415730337078652	AB
NA554698:AB:chr11:554700	116	93	2	1	1	NA	0.444976076555024	AB
NA244783:AB:chr12:244785	149	31	2	1	1	NA	0.172222222222222	AB
NA1828:AB:chr20:1830	127	33	2	1	1	NA	0.20625	AB
NA608004:AB:chr19:608006	116	76	2	1	1	NA	0.395833333333333	AB
NA543657:AB:chr5:543659	137	88	2	1	1	NA	0.391111111111111	AB
NA889022:AB:chr4:889024	155	30	2	1	1	NA	0.162162162162162	AB
NA210898:AB:chr21:210900	115	100	2	1	1	NA	0.465116279069767	AB
NA406369:AB:chr7:406371	107	76	2	1	1	NA	0.415300546448087	AB
NA387623:AB:chr13:387625	100	78	2	1	1	NA	0.438202247191011	AB
NA82296:AB:chr22:82298	161	29	2	1	1	NA	0.152631578947368	AB
NA442361:AB:chr14:442363	125	96	2	1	1	NA	0.434389140271493	AB
NA824090:AB:chr15:824092	114	67	2	1	1	NA	0.370165745856354	AB
NA859465:AB:chr18:859467	105	83	2	1	1	NA	0.441489361702128	AB
NA539722:AB:chr17:539724	114	82	2	1	1	NA	0.418367346938776	AB
NA539919:AB:chr10:539921	128	70	2	1	1	NA	0.353535353535354	AB
NA393225:AB:chr9:393227	103	84	2	1	1	NA	0.449197860962567	AB
NA716378:AB:chr3:716380	111	81	2	1	1	NA	0.421875	AB
NA109353:AB:chr16:109355	113	77	2	1	1	NA	0.405263157894737	AB
NA54051:AB:chr6:54053	117	68	2	1	1	NA	0.367567567567568	AB
NA504004:AB:chr1:504006	114	81	2	1	1	NA	0.415384615384615	AB
NA301651:AB:chr2:301653	164	44	2	1	1	NA	0.211538461538462	AB
NA412148:AB:chr8:412150	172	37	2	1	1	NA	0.177033492822967	AB
NA598994:AB:chr11:598996	162	22	2	1	1	NA	0.119565217391304	AB
NA18054:AB:chr12:18056	187	41	2	1	1	NA	0.179824561403509	AB
NA339947:AB:chr20:339949	132	81	2	1	1	NA	0.380281690140845	AB
NA815618:AB:chr19:815620	164	38	2	1	1	NA	0.188118811881188	AB
NA108504:AB:chr5:108506	116	98	2	1	1	NA	0.457943925233645	AB
NA448304:AB:chr4:448306	181	30	2	1	1	NA	0.14218009478673	AB
