mutation_id	sample_id	cluster_id	cellular_prevalence	cellular_prevalence_std	variant_allele_frequency
0	PyClone_simdeep	4	0.9823299077774731	0.01511358422520371	0.6603575184016824
1	PyClone_simdeep	4	0.9816418362042154	0.014369004188611369	0.6696360397047595
10	PyClone_simdeep	3	0.7417485909304775	0.02198758579993265	0.4498316498316498
11	PyClone_simdeep	3	0.6719010461637221	0.16001865610798582	0.21115537848605578
12	PyClone_simdeep	3	0.712607155183676	0.10637924831378409	0.2916463116756229
13	PyClone_simdeep	3	0.7484714519528057	0.015769733247024253	0.7495572982544902
14	PyClone_simdeep	3	0.7434815387267372	0.03210622705121099	0.21840242669362994
15	PyClone_simdeep	5	0.4995707235249416	0.2621855109300479	0.1293774319066148
16	PyClone_simdeep	6	0.383214849671795	0.17652677534214783	0.17153407183618663
17	PyClone_simdeep	3	0.7336402774158252	0.07594741574042867	0.5767926356589147
18	PyClone_simdeep	6	0.37741526204296727	0.17468211165075267	0.17081260364842454
19	PyClone_simdeep	2	0.303682088086824	0.02802008564395293	0.126
2	PyClone_simdeep	4	0.9306600786737182	0.15749505604733838	0.28885967794939205
20	PyClone_simdeep	0	0.23430812056956565	0.06666088916891728	0.07663221578018654
21	PyClone_simdeep	2	0.284200241931125	0.02965482735741576	0.11435294117647059
22	PyClone_simdeep	1	0.2168910277774353	0.057774758949554327	0.06744518589132507
23	PyClone_simdeep	3	0.6995070776691965	0.19903484329298357	0.19393336648433615
24	PyClone_simdeep	0	0.23101489895766508	0.05126428557965624	0.08169934640522876
25	PyClone_simdeep	1	0.1874782854953548	0.02401501386461025	0.07741935483870968
26	PyClone_simdeep	0	0.22472255647122702	0.06330829526079948	0.07224046476382925
27	PyClone_simdeep	1	0.17600466892202907	0.022140632715639735	0.0718595721338453
28	PyClone_simdeep	1	0.1826949819454105	0.040193943396611635	0.05037974683544304
29	PyClone_simdeep	1	0.1900681995145509	0.02364397704785249	0.07850646242221158
3	PyClone_simdeep	4	0.7421278938747033	0.3041626406396257	0.30754226267880364
30	PyClone_simdeep	1	0.2008971729124672	0.024530770639944754	0.08395061728395062
31	PyClone_simdeep	1	0.15359919618241777	0.0325261368375498	0.027059530968129887
32	PyClone_simdeep	1	0.17224695220047184	0.0250089311737743	0.05405405405405406
33	PyClone_simdeep	1	0.15515984840630195	0.022692367806464657	0.0592173017507724
34	PyClone_simdeep	1	0.18321739180518584	0.030001267187486694	0.06186648025166026
35	PyClone_simdeep	1	0.1553685726472024	0.015918684857347737	0.05594059405940594
36	PyClone_simdeep	1	0.1578238171611625	0.015133050265267864	0.0587356893977103
37	PyClone_simdeep	1	0.1672242103376906	0.019843898039445078	0.06704486848891181
38	PyClone_simdeep	1	0.1510781239154105	0.026378331691981033	0.04086302713305002
39	PyClone_simdeep	1	0.23762803207875427	0.12113810932844764	0.10928534167970788
4	PyClone_simdeep	4	0.98008035558383	0.016743860618697988	0.6463178294573644
5	PyClone_simdeep	3	0.5372869758632282	0.27065856791108384	0.17465670922669235
6	PyClone_simdeep	3	0.7233103932425392	0.09699205024590643	0.30057501306847884
7	PyClone_simdeep	3	0.7310965742122831	0.0349957113241751	0.3562927323373006
8	PyClone_simdeep	3	0.759399022167735	0.028576646496278682	0.3165293262239457
9	PyClone_simdeep	3	0.730998633993786	0.10259233408333816	0.32172008759705356
